Time,Speed,Dist,Th
0.0022132396697998047,0.00014231172126734457,-0.06977117048566023,1
0.014316320419311523,0.0953614908141289,-0.07092528503909198,1
0.02455615997314453,0.24360386544821344,-0.07341957371063604,1
0.037982940673828125,0.38557256358048625,-0.07859590579179443,1
0.04696083068847656,0.521533089431133,-0.08327776599634887,1
0.05593514442443848,0.6517397112988504,-0.08912667191328752,1
0.06590962409973145,0.7764359366822564,-0.09687153041420206,1
0.09084415435791016,0.8958549677665767,-0.11920786440416593,1
0.11677289009094238,1.0102201374700124,-0.1453983677340622,1
0.12674880027770996,1.1197453276050136,-0.15656814251362175,1
0.12874269485473633,1.2246353675992332,-0.1590095491131047,1
0.1307382583618164,1.325086419025047,-0.16165367304182987,1
0.13273024559020996,1.4212863416607728,-0.104015304760425,1
0.13472485542297363,1.5134150451660477,-0.10703413189113385,1
0.14887785911560059,1.6016448248161494,-0.12970225553084228,1
0.15685439109802246,1.6861406847945095,-0.1431518675721938,1
0.16583013534545898,1.767060646321778,-0.15901248207462224,1
0.17580270767211914,1.8445560423710676,-0.17740746880965635,1
0.1827843189239502,1.9187718022742324,-0.19080353229250993,1
0.19725751876831055,1.9898467215535034,-0.21960286709915056,1
0.20788002014160156,2.0579137216441556,-0.24146297093520777,1
0.21685171127319336,2.1231000989250046,-0.2605107107441459,1
0.22682547569274902,2.185527762667916,-0.28230867206657767,1
0.23380589485168457,2.2453134626839475,-0.2979817360761718,1
0.24585556983947754,2.302569007832539,-0.3257261219393192,1
0.2558295726776123,2.357401475393758,-0.349238540335371,1
0.2667999267578125,2.4099134109147817,-0.37567323863108104,1
0.28076624870300293,2.460203020280254,-0.41003265028768965,1
0.2837550640106201,2.5083643532289037,-0.41752907879296464,1
0.2967228889465332,2.554487479288435,-0.4506550555495201,1
0.3076908588409424,2.5986586561286953,-0.4791521964963762,1
0.31671595573425293,2.6409604909163273,-0.5029866515976807,1
0.3326261043548584,2.681472095254116,-0.45264642659084187,1
0.3386087417602539,2.720269232149805,-0.46892105133100515,1
0.343595027923584,2.7574244587080403,-0.4826703756695791,1
0.35855603218078613,2.7930072612405925,-0.5244564307970258,1
0.36753177642822266,2.8270841853220947,-0.5498317950966997,1
0.37753891944885254,2.8597189602080872,-0.5784494458408355,1
0.39147019386291504,2.890972618392982,-0.6187239191035898,1
0.3944590091705322,2.9209036091415297,-0.627454281679365,1
0.40642833709716797,2.949567908326627,-0.6627579693837452,1
0.41739773750305176,2.9770191230182297,-0.6954139375778229,1
0.42839908599853516,3.0033085912121997,-0.7284541241871583,1
0.43637847900390625,3.0284854786430913,-0.7526202124612584,1
0.4463205337524414,3.052596869959251,-0.7829689304873414,1
0.4543004035949707,3.075687857565079,-0.8075127351850915,1
0.46726441383361816,3.097801625408804,-0.8476694468416829,1
0.4762403964996338,3.1189795296598124,-0.8756679941803134,1
0.48621320724487305,3.1392611766643275,-0.9069756188181635,1
0.4981813430786133,3.1586844960410114,-0.9447796923757666,1
0.5041649341583252,3.177285812804551,-0.9637935377909026,1
0.5147626399993896,3.195099914434761,-0.997651474118971,1
0.5277595520019531,3.2121601160016526,-1.039399670125889,1
0.5367348194122314,3.2284983231520696,-1.0001619019104049,1
0.5506668090820312,3.2441450908194542,-1.0453524928427713,1
0.5566506385803223,3.2591296809615957,-1.0648640591103504,1
0.5636320114135742,3.2734801171879275,-1.0877169086524394,1
0.5762667655944824,3.287223237248392,-1.1292463427394577,1
0.5872054100036621,3.300384742995058,-1.165352726867349,1
0.5961825847625732,3.312989248399716,-1.1950971497730756,1
0.6071524620056152,3.3250603262106377,-1.231572628352784,1
0.6142163276672363,3.3366205511100917,-1.2551466449238606,1
0.6281764507293701,3.3476915426774463,-1.3018758690318348,1
0.6371536254882812,3.3582940054362296,-1.3320315766984492,1
0.6471285820007324,3.3684477677347666,-1.3656314566982224,1
0.6590943336486816,3.3781718188771914,-1.40604975462163,1
0.6640810966491699,3.3874843441160207,-1.4229501401382192,1
0.6774041652679443,3.3964027594503285,-1.468191645230173,1
0.6873762607574463,3.404943744091076,-1.502153181211867,1
0.6963505744934082,3.4131232707880126,-1.5327833068383323,1
0.7063257694244385,3.4209566365453816,-1.5669108164025605,1
0.7172942161560059,3.4284584911991867,-1.6045151624799014,1
0.7242765426635742,3.4356428642448353,-1.6285108302792204,1
0.7382383346557617,3.4425231918591837,-1.6319400040963805,1
0.7472150325775146,3.4491123412009324,-1.6629102627682943,1
0.7811238765716553,3.455422635099837,-1.7799906978089723,1
0.785114049911499,3.4614658748018785,-1.7939023503359368,1
0.7891032695770264,3.467253362325632,-1.8077373319697791,1
0.804063081741333,3.4727959208746024,-1.859669836497252,1
0.8105626106262207,3.4781039162215763,-1.8822948616303072,1
0.8135550022125244,3.4831872749825195,-1.8927243825866165,1
0.8145513534545898,3.488055504056901,-1.8962023560708339,1
0.8255243301391602,3.4927177077351708,-1.9345129840104365,1
0.8344981670379639,3.4971826050006465,-1.965899786433774,1
0.8454685211181641,3.5014585460537826,-2.004312196210213,1
0.8544442653656006,3.505553527670026,-2.0357815372664456,1
0.8634212017059326,3.5094752077800515,-2.067287451684831,1
0.8763859272003174,3.513230921022022,-2.112828254630949,1
0.8853621482849121,3.5168276909889857,-2.1444043014007117,1
0.8943378925323486,3.5202722440315073,-2.1760031329732015,1
0.9102957248687744,3.523571022282677,-2.2322195820652118,1
0.9142849445343018,3.5267301951279046,-2.246312641681268,1
0.9262542724609375,3.5297556702858968,-2.288552232210287,1
0.9362261295318604,3.53265310605606,-2.2517834526531146,1
0.9452030658721924,3.5354279214274698,-2.2835230707554786,1
0.955176830291748,3.538085305215815,-2.318808562109977,1
0.9641513824462891,3.540630227727595,-2.350585521859587,1
0.9741268157958984,3.543067447953035,-2.385930786434347,1
0.9850947856903076,3.545401524063859,-2.4248196476776576,1
0.9960649013519287,3.547636821189419,-2.46374192381484,1
1.0090315341949463,3.549777519581626,-2.5097679203727603,1
1.0140180587768555,3.5518276227798884,-2.5274903580554176,1
1.0240137577056885,3.5537909648040267,-2.563006735299367,1
1.0359840393066406,3.5556712173471943,-2.605566001661529,1
1.045959234237671,3.557471896774391,-2.6410590571521633,1
1.055931568145752,3.559196370926575,-2.676552922079723,1
1.0649089813232422,3.5608478645639527,-2.708524009699434,1
1.0748796463012695,3.5624294663644935,-2.744045228352305,1
1.086848497390747,3.5639441339784144,-2.7867015755487716,1
1.0968217849731445,3.565394700443482,-2.8222643644287055,1
1.1107842922210693,3.5667838782674828,-2.8720617114978375,1
1.114774465560913,3.5681142654547218,-2.886313593150416,1
1.1237480640411377,3.5693883501716974,-2.9183410462658546,1
1.1367158889770508,3.5706085152183764,-2.9326165872358336,1
1.1466891765594482,3.5717770423050643,-2.9682463084099817,1
1.158656358718872,3.572896116912484,-3.011002310281359,1
1.1636455059051514,3.5739678317910357,-3.028843066781686,1
1.1766080856323242,3.5749941912376646,-3.0751774202807662,1
1.1875782012939453,3.5759771147895223,-3.1144101696037056,1
1.1985483169555664,3.5769184405288224,-3.1536518418327133,1
1.2135109901428223,3.577819929165306,-3.2071805194359313,1
1.2155036926269531,3.5786832663690813,-3.2143296147258273,1
1.2274808883666992,3.579510066658686,-3.257194205564342,1
1.2364575862884521,3.5803018765115415,-3.2893378597768397,1
1.2474322319030762,3.581060176696786,-3.3286390226427884,1
1.257401943206787,3.581786385385732,-3.3643522429385713,1
1.2643835544586182,3.582481860484699,-3.389367553609272,1
1.2763495445251465,3.5831479029398716,-3.432239560199245,1
1.2873215675354004,3.5837857580981196,-3.4715648289872076,1
1.2982895374298096,3.5843966190118537,-3.5108795183505883,1
1.3062701225280762,3.5849816279942504,-3.539495072872328,1
1.3172945976257324,3.5855418791464944,-3.5790242014934086,1
1.324220895767212,3.586078420301809,-3.603866598149474,1
1.3351943492889404,3.5865922547750855,-3.6216328732412384,1
1.3471622467041016,3.587084343695723,-3.664561468679285,1
1.3571372032165527,3.5875556071740453,-3.7003523294912215,1
1.3730900287628174,3.588006926439738,-3.757586929733938,1
1.3760831356048584,3.588439145785878,-3.768344928920603,1
1.3840630054473877,3.588853073540953,-3.7969820211211602,1
1.396028757095337,3.589249483624084,-3.839926735691471,1
1.4079976081848145,3.589629117489059,-3.8828913569893238,1
1.4159762859344482,3.5899926850963464,-3.91154029904744,1
1.426947832107544,3.5903408662739222,-3.950930529147439,1
1.433957576751709,3.59067431227249,-3.9761054074143343,1
1.4449279308319092,3.5909936469319055,-4.015498184725935,1
1.4568967819213867,3.591299467069978,-4.0584821223636265,1
1.466867446899414,3.5915923448153118,-4.09429795128203,1
1.478837013244629,3.5918728278017085,-4.137293704332617,1
1.4838221073150635,3.592141440723393,-4.15520582589144,1
1.4967873096466064,3.592398685723819,-4.201777832760532,1
1.508756160736084,3.5926450441452986,-4.2447790120799205,1
1.5157370567321777,3.592880976334598,-4.26986565146621,1
1.5247128009796143,3.5931069239757787,-4.302116409212649,1
1.5346863269805908,3.593323309506983,-4.314089170095049,1
1.548649549484253,3.5935305372868585,-4.364264486345337,1
1.5566279888153076,3.5937289953441827,-4.392946592559937,1
1.5656042098999023,3.5939190544058497,-4.425206223148102,1
1.575577974319458,3.5941010702297076,-4.461053811936825,1
1.5855507850646973,3.5942753828269445,-4.496900180267284,1
1.5945260524749756,3.5944423186005263,-4.529163915282645,1
1.6074929237365723,3.5946021895675813,-4.575771078775148,1
1.6174659729003906,3.594755294914627,-4.611628164189885,1
1.6264402866363525,3.5949019206087653,-4.643894009488467,1
1.637413501739502,3.5950423409529035,-4.6833426130228695,1
1.644392728805542,3.5951768187801623,-4.708437917742028,1
1.657358169555664,3.5953056054538735,-4.755049283519611,1
1.6673314571380615,3.595428941839597,-4.790912209961461,1
1.6763067245483398,3.595547058499522,-4.823185020082025,1
1.6882779598236084,3.5956601764700813,-4.866226937493848,1
1.6942591667175293,3.5957685070675494,-4.887740075930738,1
1.706228494644165,3.5958722532488614,-4.9307756181016265,1
1.716200828552246,3.5959716088340037,-4.966640219541974,1
1.726613998413086,3.5960667596724316,-5.006371204264115,1
1.7395813465118408,3.596157883643068,-5.053003021481304,1
1.7445662021636963,3.596245151237516,-5.070940333116115,1
1.758528709411621,3.5963287255600562,-5.121145785601427,1
1.7665073871612549,3.5964087631052615,-5.149849377348073,1
1.7774808406829834,3.5964854133691886,-5.189314813564402,1
1.7874515056610107,3.596558819821396,-5.22517745758882,1
1.793445110321045,3.5966291195161366,-5.246738249349119,1
1.8064649105072021,3.596696444258777,-5.293560559621477,1
1.8164360523223877,3.5967609198281845,-5.329430400285988,1
1.826409101486206,3.596822666559937,-5.365303484430998,1
1.83837890625,3.5968818003183394,-5.408357902148166,1
1.8443622589111328,3.596938431524406,-5.429885715604606,1
1.8573272228240967,3.596992665933476,-5.476517387050856,1
1.864307165145874,3.59704460521842,-5.501629421829512,1
1.879267930984497,3.597094346386433,-5.555437337624169,1
1.8912365436553955,3.5971419825566455,-5.598497879578921,1
1.89323091506958,3.5971876025713176,-5.6056765490906955,1
1.9081916809082031,3.5972312921622587,-5.6594870314994035,1
1.9161689281463623,3.5972731325900047,-5.688189395141334,1
1.9261424541473389,3.597313202393446,-5.724066565856436,1
1.9371161460876465,3.5973515764178132,-5.703265392589662,1
1.9460904598236084,3.597388326397885,-5.73555329565581,1
1.9540951251983643,3.5974235211523937,-5.764352445819042,1
1.9660630226135254,3.5974572265840217,-5.807403718694635,1
1.9770338535308838,3.597489505290598,-5.846872955625393,1
1.9860103130340576,3.597520418120323,-5.879169993020516,1
1.9969794750213623,3.597550022810946,-5.918633759490205,1
2.003962516784668,3.5975783743785703,-5.943760963732181,1
2.0159363746643066,3.597605526284076,-5.98683374317707,1
2.0269081592559814,3.597631529072293,-6.026308096094627,1
2.0358803272247314,3.59765643134402,-6.058592209346112,1
2.04884672164917,3.5976802797560246,-6.105235946303013,1
2.0538339614868164,3.5977031190210416,-6.12318829680089,1
2.0680179595947266,3.5977249915189677,-6.174209326283711,1
2.0779919624328613,3.59774593846328,-6.210101015717935,1
2.084975004196167,3.5977659989290207,-6.235229597713795,1
2.0989363193511963,3.597785210436007,-6.285452778436856,1
2.102924346923828,3.59780360894883,-6.299811679317923,1
2.1164307594299316,3.5978212288768545,-6.348395293343972,-1
2.124865770339966,3.4614430339816358,-6.377600543991325,-1
2.1378297805786133,3.130616715673903,-6.395838515268366,-1
2.150796413421631,2.8137910997166045,-6.432327873797168,-1
2.154787063598633,2.510373671025562,-6.442353144250794,-1
2.1647534370422363,2.2197969894183647,-6.4644750124187995,-1
2.176715850830078,1.9415176297281422,-6.487700839078583,-1
2.1856894493103027,1.6750151639084372,-6.502733359127183,-1
2.196660280227661,1.419791189406033,-6.518308797563419,-1
2.2106237411499023,1.175368395831212,-6.534719197599053,-1
2.2146146297454834,0.9412896728414918,-6.53847852224948,-1
2.2270987033843994,0.7171172553507746,-6.547430010343473,-1
2.2370755672454834,0.5024319045086855,-6.552443320990036,-1
2.247056245803833,0.29683212367248346,-6.555405264077874,-1
2.259014844894409,0.09993340820513176,-6.556600592096923,0
2.2649967670440674,-0.007444933786976751,-6.556556422974511,0
2.2769646644592285,0.002432495838983639,-6.556584109295481,0
2.288938522338867,-0.000876782906386843,-6.556573711834565,0
2.2929210662841797,0.0023666575031759196,-6.556582745445548,0
2.3083908557891846,-0.0009398348611938447,-6.556568787768944,0
2.3153748512268066,0.0023062737322267876,-6.556584654400222,0
2.3263437747955322,-0.0009976632021384808,-6.556573509846541,0
2.3363163471221924,0.002250892927513159,-6.802450148371705,0
2.3502824306488037,-0.0010507002819274843,-6.802435571830796,0
2.35526704788208,0.002200100232615894,-6.8024465738122,0
2.3632469177246094,-0.001099343460692402,-6.802437718570302,0
2.3772082328796387,0.002153515783691038,-6.8024678671908525,0
2.3861827850341797,-0.0011439564668119643,-6.802457608412031,0
2.3951587677001953,0.0021107908214059116,-6.802476553572491,0
2.413111448287964,-0.0011848732849759945,-6.802455137926721,0
2.4151077270507812,0.0020716055525039612,-6.802459264116156,0
2.4260776042938232,-0.0012224001002173626,-6.802445398021355,0
2.4360511302948,0.002035666816966414,-6.802465081371919,0
2.44502592086792,-0.0012568178251535275,-6.802453351220966,0
2.45500111579895,0.002002705560770734,-6.802473692422708,0
2.4669718742370605,-0.0012883842384216867,-6.802457154946762,0
2.473947763442993,0.0019724752806650624,-6.802470332383877,0
2.4849231243133545,-0.0013173351510979492,-6.802455822792593,0
2.4948928356170654,0.001944749496926672,-6.802475920728505,0
2.5068628787994385,-0.0013438877115516587,-6.802460079648885,0
2.514840602874756,0.0019193207813459933,-6.802474633933047,0
2.5268068313598633,-0.001368240211042198,-6.802458944142841,0
2.533789873123169,0.0018959988131946577,-6.813753273004546,0
2.546834707260132,-0.001390575194170116,-6.813734597964195,0
2.554812431335449,0.0018746090184031303,-6.813749375619427,0
2.5647897720336914,-0.0014110596532803245,-6.813735373156922,0
2.5747592449188232,0.001854991403141537,-6.813754127297692,0
2.584733247756958,-0.0014298469724940515,-6.81374012542578,0
2.592710494995117,0.0018369991929972952,-6.813754446237709,0
2.606674909591675,-0.0014470778997248204,-6.813734425947394,0
2.616647958755493,0.0018204974721527465,-6.813752635721367,0
2.626621723175049,-0.0014628811298880336,-6.8137380771651594,0
2.6405832767486572,0.0018053629889819612,-6.813762390455628,0
2.65255069732666,-0.0014773752489329304,-6.8137440697376235,0
2.6545462608337402,0.001791482406421978,-6.813747656349851,0
2.670503616333008,-0.0014906683450361935,-6.813721386114819,0
2.676487684249878,0.0017787519131664143,-6.813730947720431,0
2.689453125,-0.001502860147037101,-6.813713226995869,0
2.697432518005371,0.0017670760572462926,-6.813727612322667,0
2.706408977508545,-0.0015140418300343295,-6.813714225186448,0
2.720369338989258,0.001756367551626846,-6.813739328156196,0
2.723363161087036,-0.0015242971818051282,-6.813734793051305,0
2.735330581665039,0.0017465461077883434,-6.81450162375788,0
2.7453036308288574,-0.0015337027972085132,-6.814486455547917,0
2.7552759647369385,0.0017375386301292876,-6.814503696761306,0
2.768242359161377,-0.001542329244604442,-6.8144837807305105,0
2.77522611618042,0.0017292772719344576,-6.814495845342814,0
2.7832276821136475,-0.001550241065853811,-6.814483460475747,0
2.795196771621704,0.0017217004073908889,-6.814503976827267,0
2.8091580867767334,-0.0015574971651248488,-6.814482267245798,0
2.8151416778564453,0.0017147512707655034,-6.814492581780737,0
2.830105781555176,-0.001564152364118679,-6.814469136187584,0
2.8340933322906494,0.001708377762001914,-6.814475984683737,0
2.845064163208008,-0.0015702560412469515,-6.814458762826087,0
2.855037212371826,0.001702532446720425,-6.814475441743284,0
2.86600923538208,-0.0015758540756637984,-6.814458091704106,0
2.878971576690674,0.00169717138979886,-6.814479869512587,0
2.8839573860168457,-0.0015809882640562462,-6.814472012400664,0
2.893932342529297,0.001692254349775756,-6.814488707228987,0
2.906900644302368,-0.0015856970982569983,-6.814467395114663,0
2.9158730506896973,0.0016877447788503637,-6.8144826626339166,0
2.924852132797241,-0.001590015765244436,-6.814751913010405,0
2.9348220825195312,0.0016836088508666712,-6.814768758898964,0
2.9437990188598633,-0.0015939767303522027,-6.814754453756447,0
2.95676326751709,0.0016798156557165976,-6.814776152677201,0
2.9657399654388428,-0.0015976093484628153,-6.814761890166385,0
2.975713014602661,0.001676336616130409,-6.814778599389468,0
2.9866831302642822,-0.0016009412248300307,-6.814761025322637,0
2.9946627616882324,0.001673145876483107,-6.814774363119301,0
3.0076398849487305,-0.0016039968542564788,-6.814753580870901,0
3.0166168212890625,0.0016702193307784532,-6.814768574683693,0
3.0275871753692627,-0.0016067995651256161,-6.814750933511119,0
3.039555549621582,0.0016675354002617501,-6.814770901734159,0
3.044541597366333,-0.0016093697697729676,-6.814762846371235,0
3.0575079917907715,0.0016650738670006679,-6.814784470347225,0
3.0654892921447754,-0.0016117272973244713,-6.8147716043043,0
3.075462579727173,0.0016628162626916377,-6.814788130923271,0
3.085435390472412,-0.0016138894496645247,-6.814772085874286,0
3.0964035987854004,0.0016607454798534568,-6.814790223231867,0
3.1033825874328613,-0.0016158723622583513,-6.814778905583401,0
3.1143534183502197,0.0016588465494400744,-6.81479638773326,0
3.1273193359375,-0.0016176910041520033,-6.8147749989454205,0
3.137296438217163,0.0016571046968086344,-6.8146746422308535,0
3.149260997772217,-0.0016193589835691636,-6.814655136364426,0
3.1542482376098633,0.0016555072857514308,-6.814663310647444,0
3.166217803955078,-0.0016208889367175375,-6.81464398042254,0
3.177187204360962,0.0016540422632703449,-6.814662023316865,0
3.1861634254455566,-0.001622291944579268,-6.8146473939418,0
3.1961381435394287,0.001652698548383234,-6.8146640551929885,0
3.2110986709594727,-0.001623578699330105,-6.814639835168376,0
3.214090585708618,0.0016514662265271292,-6.814644809345978,0
3.2276041507720947,-0.001624758921129823,-6.814622934960379,0
3.2385666370391846,0.001650335966348648,-6.81464103569437,0
3.2475411891937256,-0.001625841358122218,-6.814626440947463,0
3.256516218185425,0.0016492994085103847,-6.81464119800287,0
3.2674877643585205,-0.0016268341752414997,-6.814623129538056,0
3.274472951889038,0.0016483485824813251,-6.814634525256627,0
3.2883460521698,-0.0016277447598090963,-6.81461194117863,0
3.2963263988494873,0.001647476684149628,-6.814625085085385,0
3.3063013553619385,-0.0016285797215336536,-6.814609048592258,0
3.3192665576934814,0.0016466769094034511,-6.814630459417493,0
3.324251413345337,-0.0016293456701238181,-6.814670711008456,0
3.3372161388397217,0.0016459434261469306,-6.8146919838433355,0
3.3451972007751465,-0.001630048048869063,-6.814678706348528,0
3.357164144515991,0.001645270791090593,-6.81469868942442,0
3.365143299102783,-0.0016306923010588612,-6.814685712452566,0
3.379105567932129,0.0016446537553481612,-6.814708684315279,0
3.3831536769866943,-0.0016312832867730997,-6.8147020691362625,0
3.3961386680603027,0.0016440878476461386,-6.814723308225836,0
3.4071078300476074,-0.0016318250884788837,-6.814705080631367,0
3.4160854816436768,0.0016435689855174207,-6.814719954555867,0
3.425060987472534,-0.0016323221774497086,-6.814705336208032,0
3.437546491622925,0.0016430928920917068,-6.814725877496625,0
3.443578004837036,-0.0016327778585398978,-6.8147161179619165,0
3.4555516242980957,0.0016426564569178694,-6.814735808688271,0
3.4675192832946777,-0.0016331960198133608,-6.814716376297345,0
3.4764935970306396,0.0016422559863351945,-6.8147310758371775,0
3.4914567470550537,-0.001633579382914834,-6.814706435148131,0
3.493450403213501,0.0016418887586989457,-6.814709637716155,0
3.5074141025543213,-0.001633931058295445,-6.814687181029016,0
3.516387939453125,0.001641552052364386,-6.81470176101249,0
3.527376890182495,-0.001634253573196735,-6.814683498319814,0
3.536343812942505,0.0016412431456867792,-6.814676047038887,0
3.5483126640319824,-0.0016345494548602453,-6.814656499088976,0
3.554295063018799,0.0016409599002309746,-6.814666297834012,0
3.5672607421875,-0.0016348206473179303,-6.81464488841095,0
3.576237678527832,0.0016406999831586268,-6.814659608247858,0
3.586209774017334,-0.001635069483408136,-6.814643165868811,0
3.5961856842041016,0.0016404618392441722,-6.814659447142064,0
3.607156276702881,-0.0016352977127596217,-6.814641492911007,0
3.613237142562866,0.0016402431356492648,-6.814651504019786,0
3.6262152194976807,-0.0016355070850011463,-6.814630726937738,0
3.6367099285125732,0.001640042705954732,-6.8146479241592735,0
3.646651268005371,-0.0016356989609550784,-6.814631677465362,0
3.6606147289276123,0.00163985899493501,-6.814654565884699,0
3.663606882095337,-0.001635875090250177,-6.814649651403769,0
3.67557430267334,0.001639690252961339,-6.814669304064271,0
3.688539981842041,-0.0016360366393056154,-6.814647847069905,0
3.6965503692626953,0.001639535702420938,-6.814660966237207,0
3.7054977416992188,-0.0016361845801373704,-6.814646105985262,0
3.7154669761657715,0.0016393937880882425,-6.814662087172261,0
3.7244436740875244,-0.0016363204679710063,-6.81464707459879,0
3.7364466190338135,0.0016392637323504708,-6.8147752140453335,0
3.745389461517334,-0.0016364450804193045,-6.814760596315206,0
3.757357597351074,0.0016391445631916458,-6.814779964911473,0
3.772315740585327,-0.001636559389498243,-6.814754975393603,0
3.7753074169158936,0.0016390351141925942,-6.814759845273695,0
3.7852835655212402,-0.001636664172820603,-6.814743288837452,0
3.7962517738342285,0.0016389348021437302,-6.81476113816819,0
3.8072521686553955,-0.0016367602079991666,-6.814742744245691,0
3.8152010440826416,0.0016388426550290758,-6.8147552836985295,0
3.826171398162842,-0.0016368482726467162,-6.81473686547552,0
3.833782911300659,0.0016387582840422404,-6.814750105721582,0
3.846747398376465,-0.001636929144376033,-6.814729089098162,0
3.8557229042053223,0.0016386809115704422,-6.814743679423429,0
3.865696907043457,-0.0016370032119935082,-6.814727353212889,0
3.8816540241241455,0.0016386097600008989,-6.81475266258394,0
3.8836488723754883,-0.001637071253111924,-6.81474934480685,0
3.8966455459594727,0.0016385446349304153,-6.814768799942077,0
3.9065871238708496,-0.0016371336565376708,-6.814750451382169,0
3.9155914783477783,0.001638484953149405,-6.814766038874385,0
3.926534414291382,-0.0016371908110771399,-6.814748838986067,0
3.9375059604644775,0.001638430325851477,-6.81498135216809,0
3.944491147994995,-0.0016372432999399176,-6.814970120509627,0
3.9584693908691406,0.0016383799754238495,-6.814992979545945,0
3.96744441986084,-0.001637291511932395,-6.81497833071727,0
3.9784135818481445,0.0016383339018665225,-6.814996245640613,0
3.9923782348632812,-0.0016373356414577675,-6.814973431326688,0
3.994371175765991,0.0016382917163731048,-6.814976717008243,0
4.007337331771851,-0.0016373760773224259,-6.814955416131749,0
4.016313076019287,0.0016382528357340102,-6.814970252047981,0
4.026287794113159,-0.0016374132083327613,-6.814953932031708,0
4.035274267196655,0.0016382172599492385,-6.814968619270802,0
4.0492353439331055,-0.001637447228891969,-6.81494577170682,0
4.054219007492065,0.0016381847946155945,-6.814953956145253,0
4.066187620162964,-0.0016374783334032448,-6.814934343161396,0
4.075162410736084,0.0016381548565234916,-6.814949043328218,0
4.085139036178589,-0.0016375071050761748,-6.814932700443355,0
4.099099636077881,0.0016381274456729298,-6.814955593562359,0
4.105084419250488,-0.0016375333495075636,-6.8149457701928995,0
4.114060163497925,0.0016381023676607137,-6.814960496008585,0
4.1260294914245605,-0.0016375574555038024,-6.81494085332214,0
4.136946678161621,0.0016380792336804526,-6.815191328731339,0
4.144927740097046,-0.0016375794230648907,-6.8151782594226065,0
4.155895709991455,0.001638058043732146,-6.815196225579909,0
4.162877321243286,-0.0016375998354004155,-6.815184791155779,0
4.1768505573272705,0.0016380386034125986,-6.815207680832472,0
4.187817811965942,-0.0016376183037039855,-6.815189701422332,0
4.196797609329224,0.0016380209127218105,-6.815204360390819,0
4.2127580642700195,-0.001637635411185187,-6.815177699042276,0
4.214747905731201,0.0016380045828533907,-6.815181064662555,0
4.224725246429443,-0.001637650963440825,-6.815165073965232,0
4.236227750778198,0.0016379896138073392,-6.815183821737275,0
4.246200323104858,-0.00163766534927729,-6.8151676606500615,0
4.2561726570129395,0.0016379758111804608,-6.815184012315592,0
4.267146587371826,-0.0016376785686945821,-6.8151655512030676,0
4.274127006530762,0.001637963174972755,-6.815176805608588,0
4.286093711853027,-0.0016376906216927015,-6.815157331696102,0
4.295069217681885,0.001637951705184222,-6.815172358505947,0
4.3060407638549805,-0.0016377017026748435,-6.815154446036213,0
4.321997404098511,0.001637941013008471,-6.815180298602532,0
4.323992967605591,-0.0016377118116410081,-6.815201214111887,0
4.335960626602173,0.0016379312928486974,-6.815220779963499,0
4.344938516616821,-0.0016377211429943908,-6.815205895285608,0
4.356905460357666,0.0016379225447049012,-6.81522491498387,0
4.366879463195801,-0.0016377295023317963,-6.8152086222621024,0
4.381836652755737,0.0016379143797706913,-6.815232913582801,0
4.383831024169922,-0.0016377374728628105,-6.81522964081984,0
4.3987953662872314,0.0016379067980460676,-6.815254019120931,0
4.40677285194397,-0.001637744665781043,-6.815241331347793,0
4.414752244949341,0.001637899993934226,-6.815253927558008,0
4.426718235015869,-0.0016377510810864936,-6.815234656013233,0
4.437801837921143,0.0016378935786287754,-6.815252832719128,0
4.444669485092163,-0.0016377573019887488,-6.815241459780988,0
4.457637786865234,0.0016378879409361068,-6.815262554601184,0
4.466611623764038,-0.001637762745278222,-6.815247092065328,0
4.477583646774292,0.0016378824976466335,-6.815265242090659,0
4.486557722091675,-0.0016377677997613043,-6.815249773773016,0
4.5005199909210205,0.0016378776375667466,-6.8152727554878485,0
4.504510879516602,-0.0016377724654379957,-6.815266462881041,0
4.517477035522461,0.0016378731662932508,-6.815286799576238,0
4.527448892593384,-0.001637776742308296,-6.815269681317958,0
4.537421703338623,0.0016378690838261458,-6.815408105914813,0
4.546396732330322,-0.0016377806303722057,-6.815393483705598,0
4.55637001991272,0.001637865390165432,-6.815409867522344,0
4.57532000541687,-0.0016377843240329194,-6.815378811071844,0
4.5783116817474365,0.0016378618909079134,-6.815383692770286,0
4.583299398422241,-0.0016377876288872428,-6.815375537181724,0
4.597260475158691,0.0016378587804567859,-6.815398462762702,0
4.606237411499023,-0.0016377905449351748,-6.815383765387205,0
4.616210222244263,0.0016378558644088537,-6.815400084079425,0
4.625188827514648,-0.0016377932665799114,-6.81538522078685,0
4.63914942741394,0.001637853142764117,-6.8154074573426335,0
4.643147945404053,-0.001637795988224648,-6.815400755122792,0
4.656112432479858,0.0016378508099257714,-6.8154214983813715,0
4.664090394973755,-0.0016377983210629937,-6.815408310445541,0
4.675062417984009,0.001637848477087426,-6.815425920488726,0
4.6930177211761475,-0.0016378004594981438,-6.815394685864696,0
4.695008754730225,0.0016378465330554712,-6.815397554565821,0
4.704007863998413,-0.0016378024035300987,-6.815383714725846,0
4.715975761413574,0.0016378445890235162,-6.81540349950858,0
4.7249555587768555,-0.0016378041531588579,-6.815388430773792,0
4.7349278926849365,0.001637842839394757,-6.815649884571339,0
4.751880168914795,-0.0016378057083844216,-6.815621844125749,0
4.752882719039917,0.0016378412841691933,-6.815623471458082,0
4.765843391418457,-0.0016378072636099854,-6.815601728075519,0
4.777810335159302,0.0016378399233468249,-6.815620764350922,0
4.7867865562438965,-0.0016378086244323538,-6.8156068172063184,0
4.794766187667847,0.0016378385625244567,-6.815619313428801,0
4.807730436325073,-0.001637809985254722,-6.815597572996827,0
4.812718391418457,0.0016378373961052838,-6.815605727537228,0
4.826680898666382,-0.0016378111516738949,-6.8155820942475485,0
4.8366522789001465,0.0016378362296861108,-6.815597531134001,0
4.846626043319702,-0.0016378121236898724,-6.815580710147629,0
4.860589027404785,0.0016378352576701337,-6.815602551249838,0
4.8665735721588135,-0.0016378130957058496,-6.8155933005449905,0
4.874552965164185,0.0016378342856541563,-6.815605845857684,0
4.887517690658569,-0.001637814067721827,-6.8155829757792805,0
4.8964924812316895,0.0016378333136381788,-6.815597362565929,0
4.906468391418457,-0.001637814845334609,-6.815580813655482,0
4.920429229736328,0.0016378325360253971,-6.815604093659206,0
4.924418687820435,-0.0016378156229473909,-6.8155978412480565,0
4.94037652015686,0.0016378319528158104,-6.815861531209383,0
4.94636082649231,-0.0016378164005601728,-6.815851920534681,0
4.955337047576904,0.0016378311752030287,-6.815866509541153,0
4.970295667648315,-0.001637816983769759,-6.81584162050751,0
4.975282669067383,0.0016378305919934422,-6.815849568719582,0
4.983261585235596,-0.0016378175669793456,-6.81583673871302,0
4.9982218742370605,0.0016378300087838559,-6.815861330057216,0
5.006200313568115,-0.001637818150188932,-6.815848713660561,0
5.016172885894775,0.001637829619977465,-6.815864943706865,0
5.031135082244873,-0.001637818538995323,-6.815840580967287,0
5.033128499984741,0.0016378290367678786,-6.815843849159997,0
5.047090768814087,-0.0016378191222049094,-6.815820855115146,0
5.0560688972473145,0.0016378286479614874,-6.815835375043012,0
5.067037343978882,-0.0016378195110113001,-6.815817077456493,0
5.076013088226318,0.0016378282591550967,-6.815831917486547,0
5.086984157562256,-0.0016378198998176913,-6.815814025915523,0
5.093965768814087,0.0016378278703487056,-6.815825490221288,0
5.106944561004639,-0.0016378200942208866,-6.8158037443888455,0
5.115917921066284,0.0016378274815423146,-6.815818351297202,1
5.126888990402222,0.03260839573318894,-6.816087981116408,1
5.140853404998779,0.18350650658853723,-6.818650400156984,1
5.142738580703735,0.32801854906744937,-6.8192689064111125,1
5.15670108795166,0.4664147838530945,-6.825780923409872,1
5.167671203613281,0.5989540344998459,-6.8323511777617245,1
5.17664647102356,0.7258841707196244,-6.83886651191177,1
5.185625076293945,0.8474425730055363,-6.846475053427748,1
5.200582504272461,0.963856574704739,-6.860890898893811,1
5.204627990722656,1.0753438893166656,-6.865242582516842,1
5.21763277053833,1.1821130160180895,-6.880612686677072,1
5.22860312461853,1.2843636304135486,-6.894702486917198,1
5.236583471298218,1.38228695778948,-6.905734577801407,1
5.246554851531982,1.4760661308160987,-6.920452769319992,1
5.2565295696258545,1.5658765315026204,-6.9360701532343025,1
5.264507532119751,1.651886120127467,-6.949249418547163,1
5.27847146987915,1.7342557484218142,-6.9734643423651015,1
5.289444923400879,1.813139461088949,-6.993359463886986,1
5.296422719955444,1.8886847833265945,-7.006540922506317,1
5.306396245956421,1.961032997073851,-7.026096547411354,1
5.320388078689575,2.0303194055939455,-7.054502389851946,1
5.3243467807769775,2.0966735856151764,-7.062810429211549,1
5.3383097648620605,2.1602196299461,-6.967445206107182,1
5.3462913036346436,2.2210763801761573,-6.985176570017469,1
5.357260227203369,2.2793576484897193,-7.01017963584192,1
5.3652424812316895,2.335172429954375,-7.028821692111966,1
5.377210855484009,2.388625107616306,-7.0574099121770315,1
5.3831915855407715,2.4398156465146714,-7.072003080703269,1
5.397153854370117,2.488839781280696,-7.106750291224352,1
5.40613055229187,2.535789194988606,-7.129516059720626,1
5.416101455688477,2.5807516908136527,-7.155248238836024,1
5.431062698364258,2.6238113555252,-7.1945011308154685,1
5.436047554016113,2.6650487181197304,-7.207790807519394,1
5.444027423858643,2.704540899122502,-7.229372232994267,1
5.4575111865997314,2.7423617550291195,-7.266348152493731,1
5.467483758926392,2.7785820171094167,-7.2940602466099715,1
5.477457284927368,2.8132694232128252,-7.322118449768723,1
5.4934165477752686,2.8464888443248517,-7.367544500090565,1
5.49540901184082,2.8783024062634803,-7.37328372102319,1
5.504385471343994,2.908769605543475,-7.39939425352351,1
5.516354560852051,2.9379474207694143,-7.434558574778088,1
5.527324676513672,2.9658904189742348,-7.419661940170227,1
5.537301778793335,2.992650858458524,-7.449519725159289,1
5.550534248352051,3.01827878540891,-7.489455329712154,1
5.554521322250366,3.0428221281836065,-7.501597151350083,1
5.567486524581909,3.0663267867378883,-7.541344552760576,1
5.576488733291626,3.0888367189391053,-7.569156051506681,1
5.5884294509887695,3.1103940216328185,-7.606296455761293,1
5.5964109897613525,3.131039010542511,-7.631291966964335,1
5.609402894973755,3.150810295503627,-7.6722184755150105,1
5.61436128616333,3.169744851615139,-7.687945464034538,1
5.626328706741333,3.1878780896135046,-7.72608807551002,1
5.636328220367432,3.2052439217753528,-7.75814145374591,1
5.646276950836182,3.221874825098519,-7.79019721186722,1
5.655253171920776,3.2378019017614403,-7.819263626966561,1
5.668251037597656,3.253054938221728,-7.86154101617531,1
5.67320990562439,3.267662460037865,-7.87775595698311,1
5.687165975570679,3.281651785718897,-7.923539456565718,1
5.698138952255249,3.295049077463661,-7.959700533153554,1
5.706120729446411,3.307879390344794,-7.986111725562677,1
5.715094804763794,3.3201667195487157,-8.015906119442523,1
5.731050729751587,3.3319340437275327,-8.069057746724624,1
5.734072923660278,3.3432033702949897,-8.014430861829402,1
5.747009038925171,3.353995774307103,-8.057809074190605,1
5.755982160568237,3.364331439481241,-8.08800447308804,1
5.7669525146484375,3.374229695132726,-8.125021998178138,1
5.776926755905151,3.3837090525282347,-8.158774951850152,1
5.792885780334473,3.3927872398783707,-8.212911980659024,1
5.794880390167236,3.4014812346085983,-8.219714185619079,1
5.8028564453125,3.4098072962133807,-8.246908360831734,1
5.817816972732544,3.417780995222256,-8.298031756167477,1
5.825795650482178,3.425417244304349,-8.325373184512998,1
5.835808515548706,3.4327303243183995,-8.359743316484224,1
5.84773850440979,3.4397339117236116,-8.400776698284371,1
5.853720426559448,3.4464411044352805,-8.421401693140332,1
5.867929697036743,3.4528644461251914,-8.47045946850357,1
5.876907110214233,3.4590159495500012,-8.50152089216163,1
5.886881351470947,3.4649071187132066,-8.53607982200098,1
5.900844573974609,3.4705489714159095,-8.584536238735518,1
5.905830383300781,3.475952058502739,-8.601877145239612,1
5.913809061050415,3.481126484857392,-8.62964968027139,1
5.925874710083008,3.48608192728773,-8.671705568755666,1
5.936849117279053,3.4908276535772904,-8.66577630350496,1
5.945823669433594,3.495372538620753,-8.697152016589502,1
5.960785150527954,3.499725082503437,-8.749507351408607,1
5.965771198272705,3.5038934248871367,-8.76699048085172,1
5.9737489223480225,3.5078853613399903,-8.794974617341465,1
5.9867212772369385,3.511708357527914,-8.840523688604259,1
5.996694087982178,3.5153695628228236,-8.87558966057494,1
6.00866174697876,3.5188758244940717,-8.917702254707686,1
6.02163028717041,3.5222336999558435,-8.963382521045247,1
6.024620532989502,3.525449468625756,-8.973932665063415,1
6.037586688995361,3.528529144561065,-9.019678469505847,1
6.048555612564087,3.5314784875396454,-9.058417400928407,1
6.057532787322998,3.5343030131689597,-9.09014845580442,1
6.066506624221802,3.537008003578232,-9.12188955851229,1
6.080469369888306,3.539598517916221,-9.171304486661683,1
6.083461761474609,3.542079400516154,-9.181916931077875,1
6.0964274406433105,3.544455291199099,-9.227861584889903,1
6.1064019203186035,3.5467306332444912,-9.263243409954894,1
6.118368148803711,3.548909681749472,-9.30571290301016,1
6.126347303390503,3.550996512182633,-9.334053861107085,1
6.135324239730835,3.552995027188122,-9.341428062234085,1
6.144299268722534,3.554908964167373,-9.37333587726351,1
6.1562659740448,3.556741902666423,-9.415893530032283,1
6.167237997055054,3.558497270208012,-9.454941114708271,1
6.176215410232544,3.560178350067709,-9.486905189999185,1
6.18518853187561,3.5617882859395875,-9.518866429932213,1
6.198158264160156,3.5633300887403383,-9.565078853747705,1
6.204138994216919,3.5648066418581577,-9.586410864312152,1
6.217107534408569,3.5662207064016305,-9.632649829342594,1
6.227077484130859,3.567574927420634,-9.668223897155423,1
6.237052917480469,3.5688718372111934,-9.703827495367973,1
6.245032072067261,3.5701138611475742,-9.732316692805586,1
6.257994651794434,3.5713033221535606,-9.778599377947604,1
6.262985706329346,3.572442444784917,-9.796444164751987,1
6.27495002746582,3.57353335931186,-9.839189244463288,1
6.285919666290283,3.5745781058015234,-9.878405822923424,1
6.2958924770355225,3.5755786382004238,-9.914068238160008,1
6.3048694133758545,3.5765368278337215,-9.946177774394245,1
6.313846826553345,3.5774544663212655,-9.978294534565146,1
6.326811075210571,3.5783332700488693,-9.917620116917824,1
6.347755432128906,3.5791748823067437,-9.99258043188782,1
6.350748300552368,3.579980877371966,-10.003323136076975,1
6.354735851287842,3.580752762452511,-10.017601821447524,1
6.365705490112305,3.581491980797701,-10.05688554056934,1
6.37567925453186,3.582199915391869,-10.092616190878468,1
6.385653734207153,3.58287788973197,-10.128355107862719,1
6.399617910385132,3.583527171910048,-10.17839387378638,1
6.4085915088653564,3.5841489763628647,-10.21056421825749,1
6.414575099945068,3.58474446562153,-10.23201579860137,1
6.47932505607605,3.5853147536163528,-10.463865731308749,1
6.483319520950317,3.5858609068432643,-10.478478836568444,1
6.488312721252441,3.586383946696653,-10.496390247135961,-1
6.496282339096069,3.5868848512189953,-10.524974248445384,-1
6.502265214920044,3.587364557239291,-10.546439688133844,-1
6.509246110916138,3.587823961928286,-10.571485590433758,-1
6.516254186630249,3.5882639243537024,-10.5966332712773,-1
6.522213935852051,3.4522901985260828,-10.617209512733002,-1
6.526200294494629,3.1218512318901848,-10.629655868779132,-1
6.536175489425659,2.8053965747496656,-10.649853440201328,-1
6.544153213500977,2.5023344056509496,-10.66981819578549,-1
6.547145128250122,2.2120979490761496,-10.67643911076125,-1
6.549142122268677,1.934144415751249,-10.680301769439952,-1
6.554125547409058,1.6679539874726141,-10.688613724724325,-1
6.567094087600708,1.4130288447022115,-10.706938581883033,-1
6.577064275741577,1.168892236348317,-10.718593050138834,-1
6.590032577514648,0.9350875870660419,-10.730719559241146,-1
6.601999759674072,0.7111776442161122,-10.73923023681843,-1
6.609976053237915,0.49674366001062403,-10.743192048116782,-1
6.613965749740601,0.291384608068167,-10.744354060111831,-1
6.627026796340942,0.09471643360069819,-10.745590764173683,0
6.63700008392334,-0.046392442137573674,-10.745127106133566,0
6.646971940994263,-0.028399820441767053,-10.744844128212167,0
6.658941984176636,-0.011168653900664745,-10.744710962876388,0
6.665923118591309,-0.0011898058772547362,-10.744702736182148,0
6.680882215499878,0.002066881749257157,-10.744734683741497,0
6.683874607086182,-0.0012269240569792199,-10.744731060796946,0
6.697861909866333,0.0020313343473520977,-10.744759239489891,0
6.708833456039429,-0.0012609669725545123,-10.744744788344788,0
6.718806028366089,0.0019987321538584573,-10.744765350994832,0
6.72778058052063,-0.0012921896809730748,-10.74475307450218,0
6.736759424209595,0.0019688309983627215,-10.970211858214988,0
6.752714157104492,-0.0013208252716662798,-10.970190877551499,0
6.755709886550903,0.001941407122786901,-10.970196694241006,0
6.769670009613037,-0.0013470885601651252,-10.970177885616268,0
6.780641317367554,0.0019162552373565762,-10.970198912379159,0
6.788619041442871,-0.001371175893697039,-10.970187933175662,0
6.798592805862427,0.0018931873541817238,-10.970206810911725,0
6.807569980621338,-0.0013932676784274198,-10.970194332395709,0
6.822528839111328,0.0018720304544183738,-10.970222110529878,0
6.825521230697632,-0.0014135291570724206,-10.970217864310133,0
6.8384881019592285,0.0018526264882686055,-10.970241743625355,0
6.847445011138916,-0.00143211196412451,-10.9702289146805,0
6.8584020137786865,0.001834830042142205,-10.97024883676967,0
6.869373321533203,-0.0014491550978684516,-10.970232461358346,0
6.879347324371338,0.0018185081442534691,-10.970250787514987,0
6.894306659698486,-0.001464786281203671,-10.970228658429692,0
6.896300554275513,0.0018035385149924449,-10.970232297690803,0
6.9062769412994385,-0.0014791225448538437,-10.970217810414391,0
6.920238018035889,0.00178980917811854,-10.970243127018868,0
6.928220272064209,-0.0014922708105764794,-10.970231343917291,0
6.939187526702881,0.001777217099938153,-10.979745988434566,0
6.948161363601685,-0.0015043298351948785,-10.979732506984718,0
6.963123321533203,0.0017656683837078712,-10.979758924822088,0
6.966115951538086,-0.0015153898217917408,-10.979754364410086,0
6.975095272064209,0.0017550765200057084,-10.979769881654487,0
6.98705792427063,-0.0015255335861283378,-10.979750982716567,0
6.999027490615845,0.0017453621923279117,-10.979771948930544,0
7.0080015659332275,-0.0015348367510477085,-10.979758592589366,0
7.016978979110718,0.001736452693879374,-10.979774383727875,0
7.03193736076355,-0.0015433693017002236,-10.979750082728376,0
7.034929990768433,0.0017282813443640483,-10.979755053098947,0
7.048893690109253,-0.0015511948079308024,-10.979733114635563,0
7.058865785598755,0.00172078690677536,-10.979749083565494,0
7.067841053009033,-0.0015583719795044784,-10.979735302927319,0
7.077814817428589,0.0017139133929930136,-10.979753745564834,0
7.086791276931763,-0.001564954666106397,-10.979739893577014,0
7.102751016616821,0.0017076094805734035,-10.979767521731597,0
7.106740713119507,-0.0015709918573418176,-10.979761516936726,0
7.114720821380615,0.0017018277351368348,-10.979775132146369,0
7.127682447433472,-0.001576528849155286,-10.979754386409237,0
7.140648365020752,0.0016965249991739116,-10.980204370194139,0
7.150209188461304,-0.0015816070494274373,-10.980189168158136,0
7.158187627792358,0.0016916616144327583,-10.980202693060509,0
7.169158697128296,-0.0015862647555877803,-10.980184851433343,0
7.183120965957642,0.0016872012275158206,-10.980207836829276,0
7.186113119125366,-0.0015905363770019132,-10.980202811385542,0
7.198080778121948,0.0016831102066702823,-10.980223070134738,0
7.210049867630005,-0.0015944541846002849,-10.980204385470158,0
7.22002387046814,0.0016793582249976491,-10.980220801303343,0
7.235978841781616,-0.0015980473388622165,-10.980194394718662,0
7.245952844619751,0.0016759170940345777,-10.980211930942005,0
7.250079393386841,-0.0016013428618318786,-10.98020536037504,0
7.259056568145752,0.0016727611525592656,-10.98022042317337,0
7.279003381729126,-0.0016043652483119005,-10.980187498512684,0
7.286982536315918,0.0016698666833818649,-10.980201356646438,0
7.290971279144287,-0.001607137243476153,-10.980194828900146,0
7.293962478637695,0.0016672119133444826,-10.980199888782632,0
7.3109190464019775,-0.001609679648466552,-10.980171131582837,0
7.31889533996582,0.0016647770133211804,-10.98018390504006,0
7.328868627548218,-0.0016120115147962532,-10.980166889795136,0
7.340838193893433,0.0016625440982179752,-10.980440669626935,0
7.347817897796631,-0.0016141499499464586,-10.980429549378158,0
7.356795072555542,0.0016604958661504692,-10.980444460043413,0
7.371754169464111,-0.0016161114781887834,-10.980420271016381,0
7.3757429122924805,0.001658617542475807,-10.980426902501506,0
7.388709306716919,-0.0016179102909564971,-10.980405890490491,0
7.400676250457764,0.0016568947413575234,-10.980425739273324,0
7.410650968551636,-0.0016195601908764782,-10.9804095964325,0
7.420624017715454,0.0016553148265879127,-10.9804261031942,0
7.429600238800049,-0.0016210732309468463,-10.980411546341744,0
7.440570592880249,0.001653865745168855,-10.980429645366907,0
7.44655442237854,-0.0016224610753593296,-10.980419755251958,0
7.4635090827941895,0.0016525366105214047,-10.980447939264337,0
7.4655046463012695,-0.0016237338330800926,-10.980444695052931,0
7.477473735809326,0.0016513177024857877,-10.980464358027746,0
7.488442659378052,-0.0016249012242689094,-10.980446623514629,0
7.497418403625488,0.0016501996897086211,-10.980461428840941,0
7.510383605957031,-0.001625971997069576,-10.980440344074573,0
7.5173656940460205,0.0016491744072556955,-10.980451921040034,0
7.527338266372681,-0.0016269539276099112,-10.98035655944915,0
7.544292211532593,0.0016482338845959959,-10.980384471826742,0
7.547285079956055,-0.0016278544032113432,-10.980379605411052,0
7.555264949798584,0.0016473715120208768,-10.98039277383205,0
7.56723165512085,-0.0016286804223889088,-10.980373261945209,0
7.579199314117432,0.0016465804854184963,-10.980392992692689,0
7.589174032211304,-0.0016294380116416679,-10.980376657855112,0
7.597151756286621,0.0016458549726929902,-10.980389821747362,0
7.614107847213745,-0.0016301328086622893,-10.980361987593612,0
7.623083591461182,0.0016451895305548854,-10.980376384086783,0
7.626074552536011,-0.0016307700623370504,-10.980371661067345,0
7.634053945541382,0.001644579298924295,-10.980384826340549,0
7.650010824203491,-0.0016313544383426428,-10.980358537104152,0
7.661978006362915,0.0016440196121245278,-10.980378274681605,0
7.669956922531128,-0.0016318904079525626,-10.98036492808137,0
7.678936243057251,0.0016435063876884782,-10.980379381249517,0
7.687910079956055,-0.0016323820536339143,-10.980364270713382,0
7.694890737533569,0.0016430355431490422,-10.980375520815333,0
7.710848093032837,-0.0016328328746442167,-10.980349681762975,0
7.713839530944824,0.001642603773651896,-10.980354370928538,0
7.727801084518433,-0.0016332463702409883,-10.980331652769468,0
7.737775087356567,0.0016422077743427172,-10.980352360678644,0
7.74675178527832,-0.0016336256508753565,-10.980337576601718,0
7.756724834442139,0.0016418446291735732,-10.980354060760945,0
7.767698287963867,-0.001633973438192058,-10.980336177613381,0
7.7826550006866455,0.001641511422096532,-10.980360786214328,0
7.785649538040161,-0.0016342924538358297,-10.980355908442112,0
7.796617031097412,0.0016412058202732482,-10.980373850022588,0
7.81157922744751,-0.001634585030645017,-10.980349453766204,0
7.816565036773682,0.0016409256852685714,-10.980357597643136,0
7.827537298202515,-0.0016348535014579653,-10.980339638826912,0
7.837509632110596,0.0016406686842441558,-10.980356055577733,0
7.855462074279785,-0.0016350996159034343,-10.980326684886839,0
7.858452796936035,0.0016404330675712422,-10.980331588036535,0
7.864436626434326,-0.0016353253180133788,-10.980321746052837,0
7.879396438598633,0.0016402168912178759,-10.980346233382285,0
7.8903679847717285,-0.0016355323574165578,-10.980328326583962,0
7.899343967437744,0.0016400185999584933,-10.980343089944284,0
7.913306713104248,-0.0016357220949353398,-10.9803202987857,0
7.921286344528198,0.0016398368329707258,-10.980333374817068,0
7.93026065826416,-0.0016358962801984837,-10.980318681272793,0
7.939237356185913,0.0016396700350290098,-10.980351719006386,0
7.949209928512573,-0.0016360560796251627,-10.980335391755252,0
7.96616530418396,0.0016395170397141723,-10.980363147229701,0
7.970154762268066,-0.001636202465231354,-10.980356642283311,0
7.975144624710083,0.0016393766806070407,-10.980364829216795,0
7.990101337432861,-0.001636336797839426,-10.980340353351304,0
8.002070188522339,0.001639248180094833,-10.98035958127415,0
8.012042760848999,-0.001636460049465356,-10.980343426688702,0
8.01902437210083,0.0016391301773551806,-10.980354902097107,0
8.031988859176636,-0.001636572997721926,-10.980333670217838,0
8.040965557098389,0.001639021894775302,-10.980348389719902,0
8.050938367843628,-0.0016366766146251133,-10.980332058648644,0
8.059913873672485,0.0016389225547424153,-10.9803467511826,0
8.078866004943848,-0.0016367716777876996,-10.98031597495031,0
8.081854820251465,0.0016388315740469338,-10.98032088580893,0
8.083849906921387,-0.001636858964822467,-10.980317620513416,0
8.095816850662231,0.0016387481750760758,-10.980337171086479,0
8.109781265258789,-0.0016369388645358066,-10.980314308484623,0
8.11875581741333,0.0016386715802170593,-10.9803289995419,0
8.127732038497925,-0.0016370121545405,-10.980314347659746,0
8.138704538345337,0.001638601206260298,-10.980453612391127,0
8.192559480667114,-0.0016370794180461336,-10.980365410138566,0
8.19455361366272,0.0016385368588025964,-10.980368655848917,0
8.197546005249023,-0.0016371412382622942,-10.980363788375826,0
8.201537132263184,0.0016384777602311724,-10.980370325157093,0
8.211509227752686,-0.001637197809592177,-10.980354034008759,0
8.220484018325806,0.001638423716142831,-10.980368728483526,0
8.227465867996216,-0.0016372497152453683,-10.980357246763397,0
8.232452392578125,0.00163837394892479,-10.980365425086873,0
8.239434719085693,-0.0016372971496250637,-10.980354042100078,0
8.24641489982605,0.0016383282641738537,-10.980365478130055,0
8.252398252487183,-0.0016373408903440452,-10.980355645050283,0
8.259380102157593,0.001638286467486827,-10.980367099658958,0
8.267359495162964,-0.0016373809374023126,-10.980354036794514,0
8.284313201904297,0.0016382481700573186,-10.980381808038842,0
8.287306547164917,-0.0016374176796062573,-10.980376854693324,0
8.296281099319458,0.0016382129830789381,-10.980391631582895,0
8.309247255325317,-0.001637451311359074,-10.980370243025988,0
8.31922173500061,0.001638180906551685,-10.980386719736723,0
8.328195810317993,-0.001637482221467154,-10.980372031207015,0
8.339172124862671,0.0016381511628627775,-10.98055272876629,0
8.347146034240723,-0.0016375104099304978,-10.980539669356213,0
8.366095542907715,0.001638124140818607,-10.980570443159092,0
8.36808967590332,-0.0016375364599586913,-10.980567170036135,0
8.375070571899414,0.0016380992572095862,-10.98057863867086,0
8.388558864593506,-0.0016375603715517346,-10.98055660681168,0
8.399529457092285,0.001638076512035716,-10.980574765074271,0
8.410502195358276,-0.0016375821447096274,-10.980556776926202,0
8.418479204177856,0.0016380555164906049,-10.980569806495966,0
8.42645812034607,-0.0016376021682387612,-10.980556794279174,0
8.446404695510864,0.0016380362705742527,-10.980589353054103,0
8.448399782180786,-0.001637620636542331,-10.980586070201918,0
8.454383373260498,0.0016380187742866602,-10.980595870757828,0
8.467350244522095,-0.0016376373552171419,-10.980574496029288,0
8.477322340011597,0.001638002638821436,-10.98059095957537,0
8.486297845840454,-0.0016376529074727797,-10.980576321640617,0
8.499267578125,0.0016379876697753847,-10.98059758928585,0
8.508239507675171,-0.0016376670989060491,-10.980582895446728,0
8.525196075439453,0.001637974255954897,-10.98061069893902,0
8.527188539505005,-0.001637680123920146,-10.980607377615751,0
8.534172773361206,0.0016379618141503867,-10.980564054225477,0
8.549129962921143,-0.0016376919825150697,-10.980539475935203,0
8.559104919433594,0.0016379503443618537,-10.980555413327743,0
8.569076538085938,-0.0016377028690940164,-10.980539071899486,0
8.578052997589111,0.0016379398465892982,-10.980553562005392,0
8.588025331497192,-0.0016377129780601807,-10.98053649732689,0
8.595008134841919,0.0016379301264295245,-10.98054714044332,0
8.61395788192749,-0.001637722115010368,-10.980516487145637,0
8.616949796676636,0.0016379213782857283,-10.98052132487856,0
8.623929738998413,-0.0016377306687509689,-10.98050926178028,0
8.638892650604248,0.0016379134077547138,-10.980534453551913,0
8.646868705749512,-0.0016377384448787878,-10.980520835929068,0
8.658837080001831,0.0016379058260300905,-10.980539896297993,0
8.667811393737793,-0.001637745443393825,-10.980524272309754,0
8.678784132003784,0.0016378990219182489,-10.980543332276191,0
8.690753936767578,-0.0016377520531024711,-10.980523247374668,0
8.695737361907959,0.0016378928010159935,-10.980531516231288,0
8.716681241989136,-0.001637757885198335,-10.980498112482747,0
8.719673871994019,0.001637887163323325,-10.98050272143071,0
8.725659132003784,-0.0016377633284878083,-10.980492688207276,0
8.741617202758789,0.0016378819144370472,-10.980458455387877,0
8.75159215927124,-0.0016377683829708906,-10.980442260667068,0
8.760563373565674,0.0016378770543571603,-10.980456951297354,0
8.769540548324585,-0.0016377730486475822,-10.980442249712256,0
8.779515504837036,0.00163787277748686,-10.980458570098913,0
8.789487361907959,-0.0016377773255178824,-10.98044223580036,0
8.801453828811646,0.001637868695019755,-10.980461764583493,0
8.808436393737793,-0.001637781213581792,-10.98045037487231,0
8.83137583732605,0.001637865001359041,-10.980487669486736,0
8.833369493484497,-0.0016377847128393106,-10.98048436923823,0
8.836360931396484,0.0016378615021015225,-10.980489395799847,0
8.84932804107666,-0.0016377880176936335,-10.980468188909892,0
8.85930061340332,0.001637858391650395,-10.980484405718544,0
8.868275165557861,-0.0016377909337415657,-10.980469970555937,0
8.878248929977417,0.001637855475602463,-10.980486302820607,0
8.890218496322632,-0.0016377936553863023,-10.980466662551507,0
8.896201133728027,0.0016378529483609217,-10.980476522216751,0
8.91415548324585,-0.0016377961826278436,-10.980447148912507,0
8.916146755218506,0.0016378504211193804,-10.980450411546318,0
8.925124645233154,-0.001637798515466189,-10.980435707055634,0
8.938090085983276,0.0016378482826842303,-10.980455650938364,0
8.950058460235596,-0.0016378006539013393,-10.980436043227014,0
8.961029291152954,0.0016378463386522756,-10.980454017288668,0
8.968008995056152,-0.001637802597933294,-10.980442552950224,0
8.979977130889893,0.0016378443946203209,-10.980461733725317,0
8.985962152481079,-0.0016378043475620534,-10.980451887687453,0
9.00291919708252,0.0016378426449915615,-10.980479386367584,0
9.00591254234314,-0.0016378059027876172,-10.980474405101537,0
9.014885187149048,0.0016378410897659977,-10.980489093378377,0
9.029844522476196,-0.0016378074580131808,-10.980464510639399,0
9.040817022323608,0.0016378397289436295,-10.98048263400876,0
9.048792600631714,-0.0016378088188355492,-10.980469261585391,0
9.059763193130493,0.001637838368121261,-10.980487011077887,0
9.068740367889404,-0.0016378101796579176,-10.980472045240019,0
9.083701610565186,0.0016378372017020883,-10.980495791166298,0
9.092677354812622,-0.0016378113460770905,-10.980480935381262,0
9.09467101097107,0.0016378360352829156,-10.980484175589542,0
9.110629558563232,-0.0016378123180930677,-10.980458521971194,0
9.118607759475708,0.0016378350632669382,-10.98047156449711,0
9.129578113555908,-0.0016378132901090452,-10.98045294403314,0
9.140548944473267,0.0016378340912509607,-10.980557304168542,0
9.150522470474243,-0.0016378142621250224,-10.98054110395566,0
9.159498691558838,0.0016378333136381788,-10.980555813729744,0
9.175456285476685,-0.0016378150397378046,-10.980529523194294,0
9.185429334640503,0.0016378325360253971,-10.980545910554467,0
9.18842077255249,-0.0016378158173505862,-10.98054096447892,0
9.194403886795044,0.0016378317584126152,-10.980550632094879,0
9.210371971130371,-0.0016378164005601728,-10.980524637692398,0
9.220344543457031,0.0016378311752030287,-10.98054086227631,0
9.231316328048706,-0.001637816983769759,-10.980522753611366,0
9.239295721054077,0.0016378305919934422,-10.980535856155036,0
9.252258539199829,-0.0016378175669793456,-10.980514942883788,0
9.261235237121582,0.0016378300087838559,-10.980529661333136,0
9.27519965171814,-0.001637818150188932,-10.980506684667262,0
9.283178091049194,0.0016378294255742693,-10.980519767952682,0
9.28616976737976,-0.0016378187333985182,-10.980514857369831,0
9.296140670776367,0.0016378290367678786,-10.980530873278942,0
9.311104536056519,-0.0016378191222049094,-10.9805061791876,0
9.319082975387573,0.0016378286479614874,-10.980519170251686,0
9.330051898956299,-0.0016378195110113001,-10.980558577461952,0
9.34002685546875,0.0016378282591550967,-10.980574925926701,0
9.348003625869751,-0.0016378198998176913,-10.980561713540714,0
9.355982065200806,0.0016378278703487056,-10.980574565577859,0
9.37692666053772,-0.0016378202886240822,-10.980540630459844,0
9.379918098449707,0.0016378274815423146,-10.980545540738476,0
9.38490605354309,-0.0016378204830272776,-10.980537370470032,0
9.39787220954895,0.0016378272871391192,-10.980558607119598,0
9.409841537475586,-0.0016378208718336685,-10.980538959167905,0
9.419811248779297,0.0016378268983327283,-10.980555329394793,0
9.428788423538208,-0.0016378210662368641,-10.980540567383457,0
9.438760757446289,0.0016378267039295327,-10.98055682039031,0
9.445743083953857,-0.0016378212606400595,-10.980545323486547,0
9.464693069458008,0.0016378265095263374,-10.98057622521419,0
9.467684507369995,-0.0016378216494464504,-10.980571353704342,0
9.478654146194458,0.0016378261207199464,-10.9805893232445,0
9.49161982536316,-0.001637821843849646,-10.980568274688085,0
9.49959945678711,0.0016378259263167508,-10.980581441770887,1
9.509572982788086,-0.0016378220382528416,-10.980565124682373,1
9.515555143356323,0.15701089285728093,-10.981504357136263,1
9.527523517608643,0.30264424013707164,-10.985126521711846,1
9.535502910614014,0.4421143259035804,-10.981015224796456,1
9.558442115783691,0.5756819817017864,-10.994219382732465,1
9.560436010360718,0.7035970006688266,-10.995623712618992,1
9.564426183700562,0.8260986046848747,-10.998919908035669,1
9.57838749885559,0.9434158918892969,-11.012090633257948,1
9.587364912033081,1.0557682643676816,-11.021569415309992,1
9.596339225769043,1.1633658393145987,-11.03200999400929,1
9.610301971435547,1.2664098417280538,-11.049692333518257,1
9.618282794952393,1.3650929807740748,-11.060587250700697,1
9.626258850097656,1.4595998096270266,-11.07222915088624,1
9.647204160690308,1.5501070717017025,-11.104693867076541,1
9.650195598602295,1.6367840301667398,-11.109592791888824,1
9.654186248779297,1.7197927850162336,-11.116455831217516,1
9.665047407150269,1.7992885759499126,-11.135997994769555,1
9.67601752281189,1.8754200732003214,-11.156571745675786,1
9.687983989715576,1.9483296549461797,-11.179886685537422,1
9.695963144302368,2.018153674033567,-11.195989585582755,1
9.705939054489136,2.085022712449705,-11.216789382828077,1
9.714914798736572,2.1490618264653873,-11.236078625613333,1
9.73386287689209,2.2103907795300075,-11.138065645535798,1
9.73685598373413,2.269124266612847,-11.144864841822157,1
9.743835926055908,2.3253721290186053,-11.161095465014842,1
9.757798433303833,2.379239559482773,-11.194312416339967,1
9.766774654388428,2.430827298518856,-11.216135680748812,1
9.77732253074646,2.480231823767092,-11.242297238940319,1
9.78629732131958,2.527545529622999,-11.264982275364439,1
9.795273542404175,2.5728569006450295,-11.288077062509462,1
9.81621766090393,2.6162506762140736,-11.342864577370241,1
9.821206092834473,2.657808009749678,-11.35613223946941,1
9.824196100234985,2.697606620150137,-11.364197805687262,1
9.837162017822266,2.7357209375948837,-11.399667219370494,1
9.84713625907898,2.772222241765168,-11.427319702090147,1
9.858105897903442,2.807178796176662,-11.458113967045966,1
9.867081642150879,2.8406559751247435,-11.483611375569845,1
9.879732608795166,2.87271638635292,-11.519953724743212,1
9.896687030792236,2.9034199882779474,-11.569177736468081,1
9.899681806564331,2.932824201382868,-11.577962196428967,1
9.912644386291504,2.9609840164995833,-11.616343668969051,1
9.91862940788269,2.9879520966761355,-11.63422674313183,1
9.940569162368774,3.0137788770999454,-11.510111450916744,1
9.95054578781128,3.0385126578281376,-11.540441475238076,1
9.95453405380249,3.0621996949626396,-11.552659283187879,1
9.957525253295898,3.0848842871596034,-11.561887138383536,1
9.967498064041138,3.106608858445169,-11.59286515940371,1
9.978469133377075,3.1274140371431574,-11.627174843282138,1
9.987445592880249,3.14733873227553,-11.655429376313215,1
9.99741816520691,3.166420206269182,-11.687005807895654,1
10.008389711380005,3.1846941447466905,-11.721946726834735,1
10.016366958618164,3.2021947228178043,-11.747495865888288,1
10.031326532363892,3.218954669232497,-11.795639935528062,1
10.042298793792725,3.235005328201184,-11.83114301483518,1
10.045291185379028,3.250376716743666,-11.840878605571627,1
10.055264234542847,3.265097581843667,-11.87343452436987,1
10.068323135375977,3.2791954542985198,-11.916250960345812,1
10.07728910446167,3.2926966988751922,-11.945780909700527,1
10.08626937866211,3.3056265656327275,-11.975467979561708,1
10.097236633300781,3.3180092350237893,-12.011857584344654,1
10.105213165283203,3.3298678649402307,-12.038423989939163,1
10.12515902519226,3.3412246328985917,-12.105049654843485,1
10.132140159606934,3.352100777836785,-12.1284738829937,1
10.134135484695435,3.3625166401611515,-12.211270148691018,1
10.145106315612793,3.372491698683072,-12.248262202025119,1
10.15707516670227,3.382044608916394,-12.28874199203508,1
10.16704773902893,3.3911932363203774,-12.322566269747613,1
10.180176258087158,3.3999546899314503,-12.367199981571018,1
10.186158895492554,3.408345355217346,-12.387599260930036,1
10.197131156921387,3.416380924404003,-12.425082724719875,1
10.216079473495483,3.424076425052835,-12.48995445547456,1
10.226054430007935,3.431446248832402,-12.524199984647202,1
10.22804856300354,3.4385041789292643,-12.531062100623226,1
10.234033584594727,3.4452634145427807,-12.551681060695964,1
10.245999336242676,3.451736596546334,-12.592979278064497,1
10.258965492248535,3.457935831010116,-12.637813091889099,1
10.266943216323853,3.4638727111686882,-12.665454647605616,1
10.278913259506226,3.469558340360561,-12.706982841455465,1
10.285894632339478,3.4750033512741068,-12.731250548262596,1
10.296866416931152,3.480217927331915,-12.769433502992728,1
10.317809581756592,3.4852118203814793,-12.842420258496086,1
10.322797060012817,3.489994369746713,-12.85984298537055,1
10.325788736343384,3.4945745199186415,-12.870296858383805,1
10.33564305305481,3.4989608361076523,-12.87060366116188,1
10.346612215042114,3.503161521739789,-12.909027349485994,1
10.35957670211792,3.507184432648181,-12.954494519872922,1
10.367553949356079,3.511037092430895,-12.98250988791248,1
10.37852954864502,3.514726706059163,-13.02108377882905,1
10.385507106781006,3.5182601736800043,-13.045638694620633,1
10.405455350875854,3.5216441036412425,-13.115865891948253,1
10.409444093704224,3.5248848241556976,-13.129956915496047,1
10.415427446365356,3.5279883963261973,-13.15106400750303,1
10.428390979766846,3.5309606238657394,-13.196824165328765,1
10.438365936279297,3.5338070657336984,-13.232080655740543,1
10.449337244033813,3.53653304488397,-13.270880077939827,1
10.459308862686157,3.5391436595403545,-13.306174493200144,1
10.467288732528687,3.541643791944704,-13.334441554685053,1
10.479256629943848,3.544038117688273,-13.376849176548108,1
10.485241174697876,3.5463311146542646,-13.398083780718258,1
10.503190755844116,3.5485270711827686,-13.461741783650986,1
10.506184816360474,3.550630093846887,-13.472412133100574,1
10.515159606933594,3.5526441158120696,-13.50428844898074,1
10.53011965751648,3.5545729034458255,-13.557450462175789,1
10.535106658935547,3.55642006409385,-13.547814846359907,1
10.548071146011353,3.5581890521065236,-13.59393039585431,1
10.559045553207397,3.5598831758374274,-13.633000731924342,1
10.566023826599121,3.5615056036698403,-13.65786331372439,1
10.57799243927002,3.563059369654434,-13.700498671404684,1
10.598936557769775,3.5645473795357723,-13.775149197385662,1
10.600931644439697,3.5659724163900006,-13.782301945540814,1
10.603922367095947,3.567337145096123,-13.79297127851564,1
10.616888046264648,3.5686441177792894,-13.839226002874216,1
10.627857685089111,3.5698957790596832,-13.8783896621532,1
10.635836124420166,3.5710944693573743,-13.906886465755544,1
10.646807193756104,3.572242430724416,-13.946071153849637,1
10.659772157669067,3.573341809760893,-13.992392895166768,1
10.666754484176636,3.5743946628638072,-14.017364295384091,1
10.676729679107666,3.5754029585599163,-14.053026653357984,1
10.695677995681763,3.576368582949021,-14.120762719214117,1
10.698669195175171,3.577293341648003,-14.131507699270301,1
10.704653024673462,3.578178964262091,-14.152916143265077,1
10.717618465423584,3.579027106912108,-14.199297663369531,1
10.728588819503784,3.579839355928129,-14.238578658044025,1
10.737565755844116,3.580617229987917,-14.235545345300842,1
10.74853515625,3.581362184393792,-14.274830808222594,1
10.759506702423096,3.5820756118502484,-14.314131600573177,1
10.766489505767822,3.582758846740819,-14.339155434025662,1
10.786434412002563,3.583413167072111,-14.410605499448671,1
10.79042649269104,3.584039796223433,-14.424945498314447,1
10.794413805007935,3.584639906057248,-14.439240662260502,1
10.806382656097412,3.585214619057606,-14.48213937109132,1
10.817351341247559,3.5857650100797755,-14.521470792511357,1
10.829322099685669,3.5862921080998698,-14.564402581650429,1
10.83829641342163,3.5867968993252997,-14.596597816516173,1
10.848268270492554,3.5872803275835787,-14.632371639286696,1
10.856247663497925,3.5877432968495664,-14.661004022065287,1
10.87818956375122,3.588186673189498,-14.739703581352067,1
10.881185293197632,3.588611285538599,-14.750499467697642,1
10.884172439575195,3.589017928228327,-14.761222525217656,1
10.896975994110107,3.589407361569579,-14.807161676612363,-1
10.90994143486023,3.5897803139911284,-14.853707066803844,-1
10.917919874191284,3.3196862572999897,-14.880203861889974,-1
10.929888010025024,2.99485914248246,-14.91604266813501,-1
10.936868906021118,2.6837788415805113,-14.925833118951015,-1
10.946842670440674,2.385863583785774,-14.949629614342687,-1
10.955818176269531,2.100556219065778,-14.968484119232702,-1
10.97477102279663,1.8273231763572304,-15.003111631767469,-1
10.977760076522827,1.5656534656944099,-15.007800167754967,-1
10.983744382858276,1.315057722134254,-15.015670054279322,-1
10.999619245529175,1.0750672908949206,-15.032736176544296,-1
11.008591890335083,0.8452333509861824,-15.040320964660584,-1
11.0195631980896,0.6251260755820256,-15.047179922402082,-1
11.030534029006958,0.4143338283578401,-15.051725537543078,-1
11.037517070770264,0.21246239345936238,-15.053209061136116,0
11.048485279083252,0.01913423871456426,-15.053418449075044,0
11.070429801940918,0.0022951950829231595,-15.053468837126431,0
11.073421001434326,-0.0010082729509346272,-15.053465865206457,0
11.076409578323364,0.0022407320556953607,-15.053472596911627,0
11.089375734329224,-0.0010604311338768962,-15.053459167066135,0
11.100876092910767,0.0021907813210376896,-15.053484528863665,0
11.108854532241821,-0.0011082679281869908,-15.05347562559059,0
11.117830514907837,0.0021449688472020578,-15.053494865179937,0
11.129799842834473,-0.0011521416189541685,-15.053480767416655,0
11.137778282165527,0.002102951901354845,-15.253558175796563,0
11.146754026412964,-0.0011923803587723881,-15.253547493105197,0
11.167697668075562,0.0020644161335289708,-15.253590728254196,0
11.170689821243286,-0.0012292852781914374,-15.253587026488532,0
11.175676345825195,0.002029073049382353,-15.253597169581285,0
11.191466808319092,-0.001263132624152084,-15.253576913298904,0
11.198445796966553,0.001996658260569149,-15.253590685149272,0
11.21041464805603,-0.0012941757040180293,-15.253575030367553,0
11.219390630722046,0.0019669289574982115,-15.253592209465452,0
11.23036241531372,-0.001322646829607864,-15.253577626393811,0
11.238341808319092,0.0019396625485107242,-15.253593381090308,0
11.247316360473633,-0.0013487592612270222,-15.25358093854568,0
11.268259048461914,0.0019146552990578316,-15.253620565674941,0
11.271254301071167,-0.0013727081796837588,-15.253615946779023,0
11.275241374969482,0.0018917198044590968,-15.25362346761613,0
11.288206100463867,-0.0013946730191274957,-15.25360607260562,0
11.298179149627686,0.0018706846010961126,-15.25362470164127,0
11.306159019470215,-0.001414818050258408,-15.253612742191134,0
11.318126678466797,0.001851392222380546,-15.25363555859011,0
11.330093622207642,-0.0014332939355529873,-15.25361818165258,0
11.338074445724487,0.0018336980323349645,-15.262445629894886,0
11.347049236297607,-0.0014502392844896058,-15.262432697858864,0
11.369987726211548,0.001817470031189642,-15.262474369595862,0
11.374976396560669,-0.0014657806535485168,-15.262466964065728,0
11.377572059631348,0.001802586328141017,-15.262471632264406,0
11.390534400939941,-0.001480034295840613,-15.262452567271543,0
11.3985116481781,0.0017889357245612788,-15.262466678196441,0
11.40948486328125,-0.0014931071331234051,-15.262450457145025,0
11.418460845947266,0.0017764161587728036,-15.26246637622923,0
11.431424856185913,-0.0015050969502042157,-15.262446702913982,0
11.43840765953064,0.0017649339284353735,-15.262458904190872,0
11.44738221168518,-0.0015160933669561584,-15.26244545316517,0
11.469325304031372,0.0017544027185301982,-15.26248398382498,0
11.472316265106201,-0.0015261788103341134,-15.262479417825737,0
11.475307941436768,0.0017447441845695022,-15.26248465628252,0
11.491266012191772,-0.0015354285143747291,-15.26246021154239,0
11.500239849090576,0.0017358860085645695,-15.262475668778997,0
11.511211395263672,-0.0015439120754219848,-15.262458739620563,0
11.522184371948242,0.0017277615102193528,-15.262477677246494,0
11.530160427093506,-0.0015516926745144095,-15.262679970143553,0
11.539138078689575,0.0017203102301400599,-15.262695386291089,0
11.549111127853394,-0.0015588286326106448,-15.26267986635314,0
11.556092023849487,0.0017134761802063943,-15.262691752879256,0
11.578034162521362,-0.0015653732161862507,-15.262657017188195,0
11.581027269363403,0.0017072084267811425,-15.262662106837949,0
11.584015369415283,-0.0015713758036528774,-15.262657337895496,0
11.598975419998169,0.0017014599242909992,-15.262682645549825,0
11.610945463180542,-0.0015768811077454834,-15.262663844156096,0
11.618927717208862,0.0016961877096297656,-15.262677700966751,0
11.627898454666138,-0.0015819301475383139,-15.262663549777578,0
11.637875318527222,0.0016913523189487603,-15.262680506082521,0
11.647845983505249,-0.0015865610260576814,-15.262664838364865,0
11.65482783317566,0.00168691739885043,-15.262676448385234,0
11.683749437332153,-0.0015908081526691848,-15.262628963315493,0
11.68674373626709,0.001682850095194739,-15.262633896797107,0
11.704215288162231,-0.0015947034094968815,-15.262607176001865,0
11.71817922592163,0.0016791196922768036,-15.26263094590113,0
11.727154731750488,-0.0015982759570200929,-15.26261658363977,0
11.740122079849243,0.0016756981960364748,-15.262697307204464,0
11.749096870422363,-0.0016015524284765986,-15.26268270206329,0
11.760065793991089,0.0016725603340583416,-15.262701162234638,0
11.767049312591553,-0.0016045575130722235,-15.26268998904507,0
11.774029970169067,0.0016696825835557517,-15.262701470712557,0
11.7798490524292,-0.001607313761577643,-15.262692197999295,0
11.78383994102478,0.0016670429769676163,-15.262698878117904,0
11.786831855773926,-0.0016098413919251858,-15.262693956354688,0
11.804785013198853,0.0016646222683775838,-15.262724049460381,0
11.808772325515747,-0.0016121598444343993,-15.262717604794345,0
11.813759565353394,0.0016624019894820841,-15.262725834897546,0
11.829716920852661,-0.0016142860321832898,-15.262699970370699,0
11.841686725616455,0.001660365616009502,-15.26271937488344,0
11.847668409347534,-0.0016162362850402773,-15.262709586037756,0
11.859637260437012,0.0016584981789137866,-15.262729174329563,0
11.868612289428711,-0.0016180247944386308,-15.262715019163158,0
11.880096435546875,0.0016567852923584719,-15.262734263952817,0
11.885087013244629,-0.0016196651686020338,-15.262726101403496,0
11.904032230377197,0.0016552143201358528,-15.262758013681944,0
11.908023118972778,-0.001621169654931801,-15.262751521467287,0
11.914005279541016,0.0016537734036510053,-15.26276138737307,0
11.929970264434814,-0.0016225493344100745,-15.262735550410017,0
11.939943790435791,0.001652452045131374,-15.26298755525919,0
11.94692873954773,-0.001623814899212605,-15.262976205469,0
11.960887670516968,0.0016512401356107939,-15.262999241496601,0
11.967868328094482,-0.00162497548628958,-15.262987879428934,0
11.978841066360474,0.001650128538139078,-15.263005938447877,0
11.995792627334595,-0.0016260400381879917,-15.262977886871687,0
12.003772258758545,0.0016491090877820164,-15.262990850510125,0
